Insert into VIA.PROJECTS (ID,NAME,DESCRIPTION,CREATED,MODIFIED,CREATED_BY,MODIFIED_BY,MODSTAMP) values (99999,'reader test',null,to_date('20-DEC-12','DD-MON-RR'),null,'VJOEL',null,to_timestamp('20-DEC-12 01.09.28.625271000 PM','DD-MON-RR HH.MI.SS.FF AM'));

Insert into VIA.NETWORKS (ID,IS_MASTER,NAME,SOURCE,DESCRIPTION,BOUNDING_GEOM,BOUNDING_WKT,IN_USE,LOCKED,CREATED,MODIFIED,CREATED_BY,MODIFIED_BY,MODSTAMP) values (99989,null,'ScenarioReaderTest testReadOneScenario',null,null,MDSYS.SDO_GEOMETRY(2003,8307,NULL,MDSYS.SDO_ELEM_INFO_ARRAY(1,1003,1),MDSYS.SDO_ORDINATE_ARRAY(-121.997436,37.523614,-121.986879,37.517238,-121.949199,37.486846,-121.943019,37.494269,-121.983446,37.525248,-121.993145,37.528515,-121.997436,37.523614)),'POLYGON ((-121.997436 37.523614, -121.986879 37.517238, -121.949199 37.486846, -121.943019 37.494269, -121.983446 37.525248, -121.993145 37.528515, -121.997436 37.523614))',1,0,to_date('23-OCT-12','DD-MON-RR'),null,'VJOEL',null,to_timestamp('23-OCT-12 09.32.14.321976000 AM','DD-MON-RR HH.MI.SS.FF AM'));
Insert into VIA.NETWORKS (ID,IS_MASTER,NAME,SOURCE,DESCRIPTION,BOUNDING_GEOM,BOUNDING_WKT,IN_USE,LOCKED,CREATED,MODIFIED,CREATED_BY,MODIFIED_BY,MODSTAMP) values (99990,null,null,null,null,MDSYS.SDO_GEOMETRY(2003,8307,NULL,MDSYS.SDO_ELEM_INFO_ARRAY(1,1003,1),MDSYS.SDO_ORDINATE_ARRAY(-121.997436,37.523614,-121.986879,37.517238,-121.949199,37.486846,-121.943019,37.494269,-121.983446,37.525248,-121.993145,37.528515,-121.997436,37.523614)),'POLYGON ((-121.997436 37.523614, -121.986879 37.517238, -121.949199 37.486846, -121.943019 37.494269, -121.983446 37.525248, -121.993145 37.528515, -121.997436 37.523614))',1,0,to_date('16-OCT-12','DD-MON-RR'),null,'VJOEL',null,to_timestamp('16-OCT-12 04.23.29.321487000 PM','DD-MON-RR HH.MI.SS.FF AM'));
Insert into VIA.NETWORKS (ID,IS_MASTER,NAME,SOURCE,DESCRIPTION,BOUNDING_GEOM,BOUNDING_WKT,IN_USE,LOCKED,CREATED,MODIFIED,CREATED_BY,MODIFIED_BY,MODSTAMP) values (99991,null,null,null,null,MDSYS.SDO_GEOMETRY(2003,8307,NULL,MDSYS.SDO_ELEM_INFO_ARRAY(1,1003,1),MDSYS.SDO_ORDINATE_ARRAY(-121.997436,37.523614,-121.986879,37.517238,-121.949199,37.486846,-121.943019,37.494269,-121.983446,37.525248,-121.993145,37.528515,-121.997436,37.523614)),'POLYGON ((-121.997436 37.523614, -121.986879 37.517238, -121.949199 37.486846, -121.943019 37.494269, -121.983446 37.525248, -121.993145 37.528515, -121.997436 37.523614))',1,0,to_date('16-OCT-12','DD-MON-RR'),null,'VJOEL',null,to_timestamp('16-OCT-12 02.46.57.702765000 PM','DD-MON-RR HH.MI.SS.FF AM'));
Insert into VIA.NETWORKS (ID,IS_MASTER,NAME,SOURCE,DESCRIPTION,BOUNDING_GEOM,BOUNDING_WKT,IN_USE,LOCKED,CREATED,MODIFIED,CREATED_BY,MODIFIED_BY,MODSTAMP) values (99992,null,null,null,null,MDSYS.SDO_GEOMETRY(2003,8307,NULL,MDSYS.SDO_ELEM_INFO_ARRAY(1,1003,1),MDSYS.SDO_ORDINATE_ARRAY(-121.997436,37.523614,-121.986879,37.517238,-121.949199,37.486846,-121.943019,37.494269,-121.983446,37.525248,-121.993145,37.528515,-121.997436,37.523614)),'POLYGON ((-121.997436 37.523614, -121.986879 37.517238, -121.949199 37.486846, -121.943019 37.494269, -121.983446 37.525248, -121.993145 37.528515, -121.997436 37.523614))',1,0,to_date('16-OCT-12','DD-MON-RR'),null,'VJOEL',null,to_timestamp('16-OCT-12 02.46.56.515059000 PM','DD-MON-RR HH.MI.SS.FF AM'));
Insert into VIA.NETWORKS (ID,IS_MASTER,NAME,SOURCE,DESCRIPTION,BOUNDING_GEOM,BOUNDING_WKT,IN_USE,LOCKED,CREATED,MODIFIED,CREATED_BY,MODIFIED_BY,MODSTAMP) values (99993,null,null,null,null,MDSYS.SDO_GEOMETRY(2003,8307,NULL,MDSYS.SDO_ELEM_INFO_ARRAY(1,1003,1),MDSYS.SDO_ORDINATE_ARRAY(-121.997436,37.523614,-121.986879,37.517238,-121.949199,37.486846,-121.943019,37.494269,-121.983446,37.525248,-121.993145,37.528515,-121.997436,37.523614)),'POLYGON ((-121.997436 37.523614, -121.986879 37.517238, -121.949199 37.486846, -121.943019 37.494269, -121.983446 37.525248, -121.993145 37.528515, -121.997436 37.523614))',1,0,to_date('16-OCT-12','DD-MON-RR'),null,'VJOEL',null,to_timestamp('16-OCT-12 02.37.10.495523000 PM','DD-MON-RR HH.MI.SS.FF AM'));
Insert into VIA.NETWORKS (ID,IS_MASTER,NAME,SOURCE,DESCRIPTION,BOUNDING_GEOM,BOUNDING_WKT,IN_USE,LOCKED,CREATED,MODIFIED,CREATED_BY,MODIFIED_BY,MODSTAMP) values (99995,null,null,null,null,MDSYS.SDO_GEOMETRY(2003,8307,NULL,MDSYS.SDO_ELEM_INFO_ARRAY(1,1003,1),MDSYS.SDO_ORDINATE_ARRAY(-121.997436,37.523614,-121.986879,37.517238,-121.949199,37.486846,-121.943019,37.494269,-121.983446,37.525248,-121.993145,37.528515,-121.997436,37.523614)),'POLYGON ((-121.997436 37.523614, -121.986879 37.517238, -121.949199 37.486846, -121.943019 37.494269, -121.983446 37.525248, -121.993145 37.528515, -121.997436 37.523614))',1,0,to_date('16-OCT-12','DD-MON-RR'),null,'VJOEL',null,to_timestamp('16-OCT-12 01.25.23.214795000 PM','DD-MON-RR HH.MI.SS.FF AM'));
Insert into VIA.NETWORKS (ID,IS_MASTER,NAME,SOURCE,DESCRIPTION,BOUNDING_GEOM,BOUNDING_WKT,IN_USE,LOCKED,CREATED,MODIFIED,CREATED_BY,MODIFIED_BY,MODSTAMP) values (99996,null,null,null,null,MDSYS.SDO_GEOMETRY(2003,8307,NULL,MDSYS.SDO_ELEM_INFO_ARRAY(1,1003,1),MDSYS.SDO_ORDINATE_ARRAY(-121.997436,37.523614,-121.986879,37.517238,-121.949199,37.486846,-121.943019,37.494269,-121.983446,37.525248,-121.993145,37.528515,-121.997436,37.523614)),'POLYGON ((-121.997436 37.523614, -121.986879 37.517238, -121.949199 37.486846, -121.943019 37.494269, -121.983446 37.525248, -121.993145 37.528515, -121.997436 37.523614))',1,0,to_date('16-OCT-12','DD-MON-RR'),null,'VJOEL',null,to_timestamp('16-OCT-12 12.13.07.716284000 PM','DD-MON-RR HH.MI.SS.FF AM'));
Insert into VIA.NETWORKS (ID,IS_MASTER,NAME,SOURCE,DESCRIPTION,BOUNDING_GEOM,BOUNDING_WKT,IN_USE,LOCKED,CREATED,MODIFIED,CREATED_BY,MODIFIED_BY,MODSTAMP) values (99998,null,'NetworkWriterTest testUpdateOneNetwork',null,'for test',MDSYS.SDO_GEOMETRY(2003,8307,NULL,MDSYS.SDO_ELEM_INFO_ARRAY(1,1003,1),MDSYS.SDO_ORDINATE_ARRAY(-121.997436,37.523614,-121.986879,37.517238,-121.949199,37.486846,-121.943019,37.494269,-121.983446,37.525248,-121.993145,37.528515,-121.997436,37.523614)),'POLYGON ((-121.997436 37.523614, -121.986879 37.517238, -121.949199 37.486846, -121.943019 37.494269, -121.983446 37.525248, -121.993145 37.528515, -121.997436 37.523614))',1,0,to_date('11-OCT-12','DD-MON-RR'),null,'VJOEL',null,to_timestamp('11-OCT-12 03.42.06.554645000 PM','DD-MON-RR HH.MI.SS.FF AM'));
Insert into VIA.NETWORKS (ID,IS_MASTER,NAME,SOURCE,DESCRIPTION,BOUNDING_GEOM,BOUNDING_WKT,IN_USE,LOCKED,CREATED,MODIFIED,CREATED_BY,MODIFIED_BY,MODSTAMP) values (99999,null,'test',null,'test',MDSYS.SDO_GEOMETRY(2003,8307,NULL,MDSYS.SDO_ELEM_INFO_ARRAY(1,1003,1),MDSYS.SDO_ORDINATE_ARRAY(-121.997436,37.523614,-121.986879,37.517238,-121.949199,37.486846,-121.943019,37.494269,-121.983446,37.525248,-121.993145,37.528515,-121.997436,37.523614)),'POLYGON ((-121.997436 37.523614, -121.986879 37.517238, -121.949199 37.486846, -121.943019 37.494269, -121.983446 37.525248, -121.993145 37.528515, -121.997436 37.523614))',1,0,to_date('11-OCT-12','DD-MON-RR'),null,'VJOEL',null,to_timestamp('11-OCT-12 03.39.49.237373000 PM','DD-MON-RR HH.MI.SS.FF AM'));

Insert into VIA.LINKS (ID,NETWORK_ID,BEG_NODE_ID,END_NODE_ID,GEOM,LENGTH,SPEED_LIMIT,DETAIL_LEVEL,IN_SYNCH,CREATED,MODIFIED,CREATED_BY,MODIFIED_BY,MODSTAMP) values (1,99989,1,2,MDSYS.SDO_GEOMETRY(2002,8307,NULL,MDSYS.SDO_ELEM_INFO_ARRAY(1,2,1),MDSYS.SDO_ORDINATE_ARRAY(-75.97469,40.90164,-75.97393,40.90226,-75.97344,40.90274,-75.97314,40.90328)),100,100,1,1,to_date('23-OCT-12','DD-MON-RR'),null,'VJOEL',null,to_timestamp('23-OCT-12 10.07.49.965044000 AM','DD-MON-RR HH.MI.SS.FF AM'));
Insert into VIA.LINKS (ID,NETWORK_ID,BEG_NODE_ID,END_NODE_ID,GEOM,LENGTH,SPEED_LIMIT,DETAIL_LEVEL,IN_SYNCH,CREATED,MODIFIED,CREATED_BY,MODIFIED_BY,MODSTAMP) values (1,99990,1,2,MDSYS.SDO_GEOMETRY(2002,8307,NULL,MDSYS.SDO_ELEM_INFO_ARRAY(1,2,1),MDSYS.SDO_ORDINATE_ARRAY(-75.97469,40.90164,-75.97393,40.90226,-75.97344,40.90274,-75.97314,40.90328)),1000,123,1,1,to_date('16-OCT-12','DD-MON-RR'),null,'VJOEL',null,to_timestamp('16-OCT-12 04.23.39.895830000 PM','DD-MON-RR HH.MI.SS.FF AM'));
Insert into VIA.LINKS (ID,NETWORK_ID,BEG_NODE_ID,END_NODE_ID,GEOM,LENGTH,SPEED_LIMIT,DETAIL_LEVEL,IN_SYNCH,CREATED,MODIFIED,CREATED_BY,MODIFIED_BY,MODSTAMP) values (2,99990,2,3,MDSYS.SDO_GEOMETRY(2002,8307,NULL,MDSYS.SDO_ELEM_INFO_ARRAY(1,2,1),MDSYS.SDO_ORDINATE_ARRAY(-75.97469,40.90164,-75.97393,40.90226,-75.97344,40.90274,-75.97314,40.90328)),1001,124,2,1,to_date('16-OCT-12','DD-MON-RR'),null,'VJOEL',null,to_timestamp('16-OCT-12 04.23.49.971523000 PM','DD-MON-RR HH.MI.SS.FF AM'));
Insert into VIA.LINKS (ID,NETWORK_ID,BEG_NODE_ID,END_NODE_ID,GEOM,LENGTH,SPEED_LIMIT,DETAIL_LEVEL,IN_SYNCH,CREATED,MODIFIED,CREATED_BY,MODIFIED_BY,MODSTAMP) values (1,99991,1,2,MDSYS.SDO_GEOMETRY(2002,8307,NULL,MDSYS.SDO_ELEM_INFO_ARRAY(1,2,1),MDSYS.SDO_ORDINATE_ARRAY(-75.97469,40.90164,-76.97469,41.90164)),555,45,2,1,to_date('25-OCT-12','DD-MON-RR'),null,'VJOEL',null,to_timestamp('25-OCT-12 11.10.23.434488000 AM','DD-MON-RR HH.MI.SS.FF AM'));
Insert into VIA.LINKS (ID,NETWORK_ID,BEG_NODE_ID,END_NODE_ID,GEOM,LENGTH,SPEED_LIMIT,DETAIL_LEVEL,IN_SYNCH,CREATED,MODIFIED,CREATED_BY,MODIFIED_BY,MODSTAMP) values (1,99993,1,2,MDSYS.SDO_GEOMETRY(2002,8307,NULL,MDSYS.SDO_ELEM_INFO_ARRAY(1,2,1),MDSYS.SDO_ORDINATE_ARRAY(-75.97469,40.90164,-75.97393,40.90226,-75.97344,40.90274,-75.97314,40.90328)),1000,123,1,1,to_date('16-OCT-12','DD-MON-RR'),null,'VJOEL',null,to_timestamp('16-OCT-12 02.38.31.282163000 PM','DD-MON-RR HH.MI.SS.FF AM'));
Insert into VIA.LINKS (ID,NETWORK_ID,BEG_NODE_ID,END_NODE_ID,GEOM,LENGTH,SPEED_LIMIT,DETAIL_LEVEL,IN_SYNCH,CREATED,MODIFIED,CREATED_BY,MODIFIED_BY,MODSTAMP) values (2,99993,2,3,MDSYS.SDO_GEOMETRY(2002,8307,NULL,MDSYS.SDO_ELEM_INFO_ARRAY(1,2,1),MDSYS.SDO_ORDINATE_ARRAY(-75.97469,40.90164,-75.97393,40.90226,-75.97344,40.90274,-75.97314,40.90328)),1001,124,2,1,to_date('16-OCT-12','DD-MON-RR'),null,'VJOEL',null,to_timestamp('16-OCT-12 02.38.51.354285000 PM','DD-MON-RR HH.MI.SS.FF AM'));

Insert into VIA.LINK_LANE_OFFSET (NETWORK_ID,LINK_ID,DISPLAY_LANE_OFFSET,CREATED,MODIFIED,CREATED_BY,MODIFIED_BY,MODSTAMP) values (99993,1,0,to_date('14-NOV-12','DD-MON-RR'),null,'VJOEL',null,to_timestamp('14-NOV-12 12.39.01.795990000 PM','DD-MON-RR HH.MI.SS.FF AM'));
Insert into VIA.LINK_LANE_OFFSET (NETWORK_ID,LINK_ID,DISPLAY_LANE_OFFSET,CREATED,MODIFIED,CREATED_BY,MODIFIED_BY,MODSTAMP) values (99993,2,4,to_date('14-NOV-12','DD-MON-RR'),null,'VJOEL',null,to_timestamp('14-NOV-12 12.39.07.478688000 PM','DD-MON-RR HH.MI.SS.FF AM'));

Insert into VIA.LINK_LANES (NETWORK_ID,LINK_ID,LANES,CREATED,MODIFIED,CREATED_BY,MODIFIED_BY,MODSTAMP) values (99993,1,3,to_date('14-NOV-12','DD-MON-RR'),null,'VJOEL',null,to_timestamp('14-NOV-12 01.16.10.381686000 PM','DD-MON-RR HH.MI.SS.FF AM'));
Insert into VIA.LINK_LANES (NETWORK_ID,LINK_ID,LANES,CREATED,MODIFIED,CREATED_BY,MODIFIED_BY,MODSTAMP) values (99993,2,4,to_date('14-NOV-12','DD-MON-RR'),null,'VJOEL',null,to_timestamp('14-NOV-12 01.16.17.280446000 PM','DD-MON-RR HH.MI.SS.FF AM'));

Insert into VIA.NODES (ID,NETWORK_ID,GEOM,IN_SYNCH,CREATED,MODIFIED,CREATED_BY,MODIFIED_BY,MODSTAMP) values (1,99995,MDSYS.SDO_GEOMETRY(2001,8307,MDSYS.SDO_POINT_TYPE(-97.81232,30.18235,NULL),NULL,NULL),null,to_date('16-OCT-12','DD-MON-RR'),null,'VJOEL',null,to_timestamp('16-OCT-12 01.25.40.614630000 PM','DD-MON-RR HH.MI.SS.FF AM'));
Insert into VIA.NODES (ID,NETWORK_ID,GEOM,IN_SYNCH,CREATED,MODIFIED,CREATED_BY,MODIFIED_BY,MODSTAMP) values (1,99999,MDSYS.SDO_GEOMETRY(2001,8307,MDSYS.SDO_POINT_TYPE(-97.81232,30.18235,NULL),NULL,NULL),null,to_date('16-OCT-12','DD-MON-RR'),null,'VJOEL',null,to_timestamp('16-OCT-12 01.25.40.614630000 PM','DD-MON-RR HH.MI.SS.FF AM'));
Insert into VIA.NODES (ID,NETWORK_ID,GEOM,IN_SYNCH,CREATED,MODIFIED,CREATED_BY,MODIFIED_BY,MODSTAMP) values (2,99999,MDSYS.SDO_GEOMETRY(2001,8307,MDSYS.SDO_POINT_TYPE(-97.81232,30.18235,NULL),NULL,NULL),null,to_date('16-OCT-12','DD-MON-RR'),null,'VJOEL',null,to_timestamp('16-OCT-12 01.25.40.614630000 PM','DD-MON-RR HH.MI.SS.FF AM'));

Insert into VIA.NODES (ID,NETWORK_ID,GEOM,IN_SYNCH,CREATED,MODIFIED,CREATED_BY,MODIFIED_BY,MODSTAMP) values (1,99990,MDSYS.SDO_GEOMETRY(2001,8307,MDSYS.SDO_POINT_TYPE(-97.81232,30.18235,NULL),NULL,NULL),null,to_date('16-OCT-12','DD-MON-RR'),null,'VJOEL',null,to_timestamp('16-OCT-12 01.25.40.614630000 PM','DD-MON-RR HH.MI.SS.FF AM'));
Insert into VIA.NODES (ID,NETWORK_ID,GEOM,IN_SYNCH,CREATED,MODIFIED,CREATED_BY,MODIFIED_BY,MODSTAMP) values (2,99990,MDSYS.SDO_GEOMETRY(2001,8307,MDSYS.SDO_POINT_TYPE(-97.81232,30.18235,NULL),NULL,NULL),null,to_date('16-OCT-12','DD-MON-RR'),null,'VJOEL',null,to_timestamp('16-OCT-12 01.25.40.614630000 PM','DD-MON-RR HH.MI.SS.FF AM'));
Insert into VIA.NODES (ID,NETWORK_ID,GEOM,IN_SYNCH,CREATED,MODIFIED,CREATED_BY,MODIFIED_BY,MODSTAMP) values (3,99990,MDSYS.SDO_GEOMETRY(2001,8307,MDSYS.SDO_POINT_TYPE(-97.81232,30.18235,NULL),NULL,NULL),null,to_date('16-OCT-12','DD-MON-RR'),null,'VJOEL',null,to_timestamp('16-OCT-12 01.25.40.614630000 PM','DD-MON-RR HH.MI.SS.FF AM'));

Insert into VIA.NODES (ID,NETWORK_ID,GEOM,IN_SYNCH,CREATED,MODIFIED,CREATED_BY,MODIFIED_BY,MODSTAMP) values (1,99989,MDSYS.SDO_GEOMETRY(2001,8307,MDSYS.SDO_POINT_TYPE(-97.81232,30.18235,NULL),NULL,NULL),null,to_date('16-OCT-12','DD-MON-RR'),null,'VJOEL',null,to_timestamp('16-OCT-12 01.25.40.614630000 PM','DD-MON-RR HH.MI.SS.FF AM'));
Insert into VIA.NODES (ID,NETWORK_ID,GEOM,IN_SYNCH,CREATED,MODIFIED,CREATED_BY,MODIFIED_BY,MODSTAMP) values (2,99989,MDSYS.SDO_GEOMETRY(2001,8307,MDSYS.SDO_POINT_TYPE(-97.81232,30.18235,NULL),NULL,NULL),null,to_date('16-OCT-12','DD-MON-RR'),null,'VJOEL',null,to_timestamp('16-OCT-12 01.25.40.614630000 PM','DD-MON-RR HH.MI.SS.FF AM'));

Insert into VIA.NODE_NAMES (NETWORK_ID,NODE_ID,NAME,CREATED,MODIFIED,CREATED_BY,MODIFIED_BY,MODSTAMP) values (99999,1,'test node 1',to_date('09-NOV-12','DD-MON-RR'),null,'VJOEL',null,to_timestamp('09-NOV-12 11.18.24.119026000 AM','DD-MON-RR HH.MI.SS.FF AM'));

Insert into VIA.NODE_TYPE_DET (NODE_ID,NETWORK_ID,NODE_TYPE_ID,CREATED,MODIFIED,CREATED_BY,MODIFIED_BY,MODSTAMP) values (1,99999,6,to_date('09-NOV-12','DD-MON-RR'),null,null,null,null);
Insert into VIA.NODE_TYPE_DET (NODE_ID,NETWORK_ID,NODE_TYPE_ID,CREATED,MODIFIED,CREATED_BY,MODIFIED_BY,MODSTAMP) values (2,99999,1,to_date('09-NOV-12','DD-MON-RR'),null,null,null,null);

Insert into VIA.DEMAND_SETS (ID,PROJECT_ID,NAME,DESCRIPTION,CREATED,MODIFIED,CREATED_BY,MODIFIED_BY,MODSTAMP) values (99999,1,'scenario-database-access-test',null,to_date('31-OCT-12','DD-MON-RR'),null,'VJOEL',null,to_timestamp('31-OCT-12 02.31.31.904917000 PM','DD-MON-RR HH.MI.SS.FF AM'));

Insert into VIA.DEMAND_PROFS (ID,DEMAND_SET_ID,ORG_LINK_ID,DEST_NETWORK_ID,SAMPLE_RATE,START_TIME,KNOB,STD_DEV_ADD,STD_DEV_MULT,CREATED,MODIFIED,CREATED_BY,MODIFIED_BY,MODSTAMP) values (99999,99999,2,1,600,25200,0.5,0.1,0.2,to_date('25-JAN-13','DD-MON-RR'),to_date('25-JAN-13','DD-MON-RR'),'VJOEL','VJOEL',to_timestamp('25-JAN-13 02.39.07.521873000 PM','DD-MON-RR HH.MI.SS.FF AM'));

Insert into VIA.DEMANDS (ID,DEMAND_PROF_ID,VEH_TYPE_ID,DEMAND_ORDER,FLOW,CREATED,MODIFIED,CREATED_BY,MODIFIED_BY,MODSTAMP) values (99997,99999,1,0,0.1,to_date('25-JAN-13','DD-MON-RR'),null,'VJOEL',null,to_timestamp('25-JAN-13 02.39.07.529474000 PM','DD-MON-RR HH.MI.SS.FF AM'));
Insert into VIA.DEMANDS (ID,DEMAND_PROF_ID,VEH_TYPE_ID,DEMAND_ORDER,FLOW,CREATED,MODIFIED,CREATED_BY,MODIFIED_BY,MODSTAMP) values (99998,99999,1,1,0.2,to_date('25-JAN-13','DD-MON-RR'),null,'VJOEL',null,to_timestamp('25-JAN-13 02.39.07.534913000 PM','DD-MON-RR HH.MI.SS.FF AM'));
Insert into VIA.DEMANDS (ID,DEMAND_PROF_ID,VEH_TYPE_ID,DEMAND_ORDER,FLOW,CREATED,MODIFIED,CREATED_BY,MODIFIED_BY,MODSTAMP) values (99999,99999,1,2,0.3,to_date('25-JAN-13','DD-MON-RR'),null,'VJOEL',null,to_timestamp('25-JAN-13 02.39.07.541082000 PM','DD-MON-RR HH.MI.SS.FF AM'));

Insert into VIA.FUND_DIAG_SETS (ID,PROJECT_ID,FUND_DIAG_TYPE,NAME,DESCRIPTION,CREATED,MODIFIED,CREATED_BY,MODIFIED_BY,MODSTAMP) values (99999,null,1,'scenario-database-access-test',null,to_date('20-DEC-12','DD-MON-RR'),null,'VJOEL',null,to_timestamp('20-DEC-12 03.11.31.999682000 PM','DD-MON-RR HH.MI.SS.FF AM'));

Insert into VIA.FUND_DIAG_PROFS (ID,FUND_DIAG_SET,LINK_ID,SAMPLE_RATE,START_TIME,CREATED,MODIFIED,CREATED_BY,MODIFIED_BY,MODSTAMP) values (99999,99999,100,600,25200,to_date('20-DEC-12','DD-MON-RR'),null,'VJOEL',null,to_timestamp('20-DEC-12 03.16.47.117167000 PM','DD-MON-RR HH.MI.SS.FF AM'));
Insert into VIA.FUND_DIAG_PROFS (ID,FUND_DIAG_SET,LINK_ID,SAMPLE_RATE,START_TIME,CREATED,MODIFIED,CREATED_BY,MODIFIED_BY,MODSTAMP) values (99998,99999,101,700,25300,to_date('20-DEC-12','DD-MON-RR'),null,'VJOEL',null,to_timestamp('20-DEC-12 03.16.50.890357000 PM','DD-MON-RR HH.MI.SS.FF AM'));

Insert into VIA.FUND_DIAGRAMS (FUND_DIAG_PROF_ID,DIAG_ORDER,FREE_FLOW_SPEED,CRITICAL_SPEED,CONG_WAVE_SPEED,CAPACITY,JAM_DENSITY,CAPACITY_DROP,FREE_FLOW_SPEED_STD,CONG_WAVE_SPEED_STD,CAPACITY_STD,CREATED,MODIFIED,CREATED_BY,MODIFIED_BY,MODSTAMP) values (99999,0,null,null,null,1,null,null,null,null,null,to_date('20-DEC-12','DD-MON-RR'),null,'VJOEL',null,to_timestamp('20-DEC-12 03.54.21.280294000 PM','DD-MON-RR HH.MI.SS.FF AM'));
Insert into VIA.FUND_DIAGRAMS (FUND_DIAG_PROF_ID,DIAG_ORDER,FREE_FLOW_SPEED,CRITICAL_SPEED,CONG_WAVE_SPEED,CAPACITY,JAM_DENSITY,CAPACITY_DROP,FREE_FLOW_SPEED_STD,CONG_WAVE_SPEED_STD,CAPACITY_STD,CREATED,MODIFIED,CREATED_BY,MODIFIED_BY,MODSTAMP) values (99999,1,null,null,null,1.1,null,null,null,null,null,to_date('20-DEC-12','DD-MON-RR'),null,'VJOEL',null,to_timestamp('20-DEC-12 03.54.26.857298000 PM','DD-MON-RR HH.MI.SS.FF AM'));
Insert into VIA.FUND_DIAGRAMS (FUND_DIAG_PROF_ID,DIAG_ORDER,FREE_FLOW_SPEED,CRITICAL_SPEED,CONG_WAVE_SPEED,CAPACITY,JAM_DENSITY,CAPACITY_DROP,FREE_FLOW_SPEED_STD,CONG_WAVE_SPEED_STD,CAPACITY_STD,CREATED,MODIFIED,CREATED_BY,MODIFIED_BY,MODSTAMP) values (99998,0,null,null,null,2,null,null,null,null,null,to_date('20-DEC-12','DD-MON-RR'),null,'VJOEL',null,to_timestamp('20-DEC-12 03.54.26.879364000 PM','DD-MON-RR HH.MI.SS.FF AM'));
Insert into VIA.FUND_DIAGRAMS (FUND_DIAG_PROF_ID,DIAG_ORDER,FREE_FLOW_SPEED,CRITICAL_SPEED,CONG_WAVE_SPEED,CAPACITY,JAM_DENSITY,CAPACITY_DROP,FREE_FLOW_SPEED_STD,CONG_WAVE_SPEED_STD,CAPACITY_STD,CREATED,MODIFIED,CREATED_BY,MODIFIED_BY,MODSTAMP) values (99998,1,null,null,null,2.1,null,null,null,null,null,to_date('20-DEC-12','DD-MON-RR'),null,'VJOEL',null,to_timestamp('20-DEC-12 03.54.26.900185000 PM','DD-MON-RR HH.MI.SS.FF AM'));

Insert into VIA.SPLIT_RATIO_SETS (ID,PROJECT_ID,NAME,DESCRIPTION,CREATED,MODIFIED,CREATED_BY,MODIFIED_BY,MODSTAMP) values (99999,1,'scenario-database-access-test',null,null,null,null,null,null);

Insert into VIA.SPLIT_RATIO_PROFS (ID,NETWORK_ID,NODE_ID,DEST_NETWORK_ID,SPLIT_RATIO_SET_ID,SAMPLE_RATE,START_TIME,CREATED,MODIFIED,CREATED_BY,MODIFIED_BY,MODSTAMP) values (99999,null,2,null,99999,600,25200,to_date('25-OCT-12','DD-MON-RR'),null,'VJOEL',null,to_timestamp('25-OCT-12 01.12.27.593502000 PM','DD-MON-RR HH.MI.SS.FF AM'));

Insert into VIA.SPLIT_RATIOS (SPLIT_RATIO_PROF_ID,IN_LINK_ID,OUT_LINK_ID,VEH_TYPE_ID,RATIO_ORDER,RATIO,CREATED,MODIFIED,CREATED_BY,MODIFIED_BY,MODSTAMP) values (99999,1,1,1,1,0.5,to_date('25-OCT-12','DD-MON-RR'),null,'VJOEL',null,to_timestamp('25-OCT-12 01.15.49.141790000 PM','DD-MON-RR HH.MI.SS.FF AM'));
Insert into VIA.SPLIT_RATIOS (SPLIT_RATIO_PROF_ID,IN_LINK_ID,OUT_LINK_ID,VEH_TYPE_ID,RATIO_ORDER,RATIO,CREATED,MODIFIED,CREATED_BY,MODIFIED_BY,MODSTAMP) values (99999,1,1,1,2,0.2,to_date('25-OCT-12','DD-MON-RR'),null,'VJOEL',null,to_timestamp('25-OCT-12 01.15.53.629806000 PM','DD-MON-RR HH.MI.SS.FF AM'));
Insert into VIA.SPLIT_RATIOS (SPLIT_RATIO_PROF_ID,IN_LINK_ID,OUT_LINK_ID,VEH_TYPE_ID,RATIO_ORDER,RATIO,CREATED,MODIFIED,CREATED_BY,MODIFIED_BY,MODSTAMP) values (99999,1,1,1,3,0.6,to_date('25-OCT-12','DD-MON-RR'),null,'VJOEL',null,to_timestamp('25-OCT-12 01.16.36.926715000 PM','DD-MON-RR HH.MI.SS.FF AM'));

Insert into VIA.SENSOR_SETS (ID,PROJECT_ID,NAME,DESCRIPTION,CREATED,MODIFIED,CREATED_BY,MODIFIED_BY,MODSTAMP) values (99999,99999,'test',null,to_date('21-DEC-12','DD-MON-RR'),null,'VJOEL',null,null);

Insert into VIA.SENSORS (ID,SENSOR_SET_ID,SENSOR_TYPE_ID,JAVA_CLASS,ENTITY_ID,DATA_FEED_ID,GEOM,LINK_ID,LINK_OFFSET,LANE_NUM,HEALTH_STATUS,CREATED,MODIFIED,CREATED_BY,MODIFIED_BY,MODSTAMP) values (99999,99999,1,null,'ent1',1,null,100,50,3,1,to_date('21-DEC-12','DD-MON-RR'),null,'VJOEL',null,to_timestamp('21-DEC-12 09.48.57.352417000 PM','DD-MON-RR HH.MI.SS.FF AM'));
Insert into VIA.SENSORS (ID,SENSOR_SET_ID,SENSOR_TYPE_ID,JAVA_CLASS,ENTITY_ID,DATA_FEED_ID,GEOM,LINK_ID,LINK_OFFSET,LANE_NUM,HEALTH_STATUS,CREATED,MODIFIED,CREATED_BY,MODIFIED_BY,MODSTAMP) values (99998,99999,2,null,'ent2',2,null,101,60,4,1,to_date('21-DEC-12','DD-MON-RR'),null,'VJOEL',null,to_timestamp('21-DEC-12 09.49.53.762094000 PM','DD-MON-RR HH.MI.SS.FF AM'));

Insert into VIA.SCENARIOS (ID,LOCKED_AS_CONF,PROJECT_ID,NAME,DESCRIPTION,NET_CONN_SET,SIGNAL_SET,VEH_TYPE_SET,SENSOR_SET,SPLIT_RATIO_SET,WEAVE_SET,INIT_DENS_SET,FUND_DIAG_SET,DEMAND_PROF_SET,DS_BNDRY_CAP_SET,CONTROLLER_SET,EVENT_SET,CREATED,MODIFIED,CREATED_BY,MODIFIED_BY,MODSTAMP) values (99996,0,99999,'test',null,null,null,null,null,null,null,null,null,null,null,null,null,to_date('20-DEC-12','DD-MON-RR'),null,'VJOEL',null,to_timestamp('20-DEC-12 03.33.44.884910000 PM','DD-MON-RR HH.MI.SS.FF AM'));
Insert into VIA.SCENARIOS (ID,LOCKED_AS_CONF,PROJECT_ID,NAME,DESCRIPTION,NET_CONN_SET,SIGNAL_SET,VEH_TYPE_SET,SENSOR_SET,SPLIT_RATIO_SET,WEAVE_SET,INIT_DENS_SET,FUND_DIAG_SET,DEMAND_PROF_SET,DS_BNDRY_CAP_SET,CONTROLLER_SET,EVENT_SET,CREATED,MODIFIED,CREATED_BY,MODIFIED_BY,MODSTAMP) values (99998,0,1,'ScenarioWriterTest testUpdateOneScenario','for test',null,null,null,null,null,null,null,null,null,null,null,null,to_date('20-DEC-12','DD-MON-RR'),null,'VJOEL',null,to_timestamp('20-DEC-12 01.30.23.929265000 PM','DD-MON-RR HH.MI.SS.FF AM'));
Insert into VIA.SCENARIOS (ID,LOCKED_AS_CONF,PROJECT_ID,NAME,DESCRIPTION,NET_CONN_SET,SIGNAL_SET,VEH_TYPE_SET,SENSOR_SET,SPLIT_RATIO_SET,WEAVE_SET,INIT_DENS_SET,FUND_DIAG_SET,DEMAND_PROF_SET,DS_BNDRY_CAP_SET,CONTROLLER_SET,EVENT_SET,CREATED,MODIFIED,CREATED_BY,MODIFIED_BY,MODSTAMP) values (99999,0,99999,'test',null,null,null,null,99999,99999,null,null,99999,99999,null,null,null,to_date('20-DEC-12','DD-MON-RR'),null,'VJOEL',null,to_timestamp('20-DEC-12 01.20.40.123518000 PM','DD-MON-RR HH.MI.SS.FF AM'));

